"x","y","cl"
-0.426265912912136,4.09656660801775,"1"
2.02688308978861,1.27563772014745,"1"
0.724745380067398,3.8617701529921,"1"
-1.12123089735023,3.97661276847032,"1"
-0.151407656193867,1.23791102967538,"1"
0.962442030611192,3.43645850738985,"1"
0.505650107076706,3.95951001992735,"1"
0.101331247939189,2.32108256666939,"1"
-0.429348143261657,2.16778336721652,"1"
2.46997040776125,5.56389613903053,"1"
0.360351644878112,3.02825919668044,"1"
1.6824867016638,3.23130436399228,"1"
0.596433888063336,4.66549324966834,"1"
1.69007394888474,1.15515179494648,"1"
-0.46033788332841,2.69479776785492,"1"
1.53259359007587,1.88486895662253,"1"
0.799966880294168,3.39025952178678,"1"
2.31914899551424,2.09378839822634,"1"
0.752532864187963,2.55808744316421,"1"
-1.43339772337017,2.72299003402831,"1"
1.94105542674465,2.87293665453378,"1"
1.95203227124692,2.642095472022,"1"
-0.104347001603248,3.91712272069189,"1"
0.369342360474452,3.68575924265451,"1"
1.92094027337269,4.07044676236919,"1"
-0.962348984933332,2.51973193882575,"1"
2.46398167027392,2.49435275079363,"1"
0.991243561549427,1.56971540542814,"1"
1.59193796206975,1.86108116589142,"1"
0.74244069400321,3.3569100450008,"1"
1.751577780613,3.64024841429333,"1"
0.606883508522089,2.28313578340582,"1"
2.02118481424971,3.19605505168842,"1"
0.823993088013576,3.27326892445752,"1"
1.253470485052,4.23131722140698,"1"
0.0962758110896528,3.10654742456959,"1"
0.0989636130680457,3.43678586950157,"1"
1.14017530802276,3.06027592433887,"1"
0.460181072903434,2.23822671508813,"1"
0.323537535277553,3.82081618618944,"1"
0.254838926627567,2.11638965475364,"1"
1.64386365382939,3.16618712164985,"1"
2.69179166402014,3.90295235683281,"1"
2.68602332447713,3.07384802702628,"1"
1.11609948741216,1.84980130533365,"1"
2.91449361352109,3.23567115504288,"1"
1.46225788306043,2.73396441102166,"1"
0.404342828626169,4.02773438934476,"1"
0.526776975048148,3.02838305397378,"1"
1.93442694958801,3.7474054942763,"1"
2.16942088905962,2.49988497363046,"1"
1.73757029801259,2.92823283142664,"1"
0.26802468769607,5.70979447559704,"1"
2.21162520034046,2.78750760579034,"1"
1.00625937764041,2.77696523277873,"1"
1.49440099793989,1.08363718030954,"1"
-0.568693468076158,1.71068404297855,"1"
0.114061601378719,2.64353887091213,"1"
0.643366461662249,4.86952785037373,"1"
0.207793456887523,3.85142207547588,"1"
0.862353839465904,4.12549775829484,"1"
0.914314917493194,3.73771522695473,"1"
0.347427445440306,2.16707260810483,"1"
1.02219533711733,0.981610122120098,"1"
-0.34321956248285,2.86225364382684,"1"
1.0003071445287,4.57712359809358,"1"
-0.157551006024655,4.03382608198381,"1"
1.83179614233084,3.0806896260032,"1"
0.660627906570521,4.18205938159774,"1"
1.23245645546396,3.55145415880526,"1"
0.263310518016062,4.93392236266391,"1"
0.807246436226036,1.29463522414829,"1"
1.62181825160373,3.24905527328482,"1"
1.1796706837677,3.69605598950251,"1"
2.82697429410118,3.91859904826507,"1"
2.69279736971238,2.99633375592672,"1"
1.53594892240039,2.71996767284957,"1"
1.00403926896839,3.16124666212067,"1"
2.37357500784659,4.01320998669025,"1"
-0.167968722209321,3.45739248619187,"1"
3.24207065004958,2.57836931696789,"1"
1.2942332921089,2.91104609251737,"1"
0.924712619883561,3.12082527148933,"1"
1.32259448230919,2.57666404233029,"1"
1.31904335448334,3.71933772162671,"1"
1.43954739620656,3.24453873341577,"1"
0.102455401233211,2.31294172759805,"1"
-0.188146938265378,3.68989517958676,"1"
0.631756257939505,3.30580790210597,"1"
2.59282545254241,3.411630436088,"1"
0.978078894413817,3.83186018831956,"1"
0.74749256153736,2.48754946158288,"1"
-1.12499565477756,3.0301443977762,"1"
-0.0919013121026222,2.47232727625683,"1"
0.84076065890785,3.48271795604012,"1"
1.26649230822905,2.85623331343176,"1"
0.95734264791171,4.30258255690245,"1"
0.909018955969376,4.76645755221596,"1"
0.843501861972542,2.45652825875086,"1"
1.3732939643761,2.66062249860125,"1"
1.03173416807445,3.79436886509313,"1"
0.827191814522364,0.956281870728619,"1"
-0.563150337591872,2.67015149402895,"1"
1.54575434520013,5.00297480625191,"1"
1.30708364090857,2.68438313832472,"1"
0.295884511047745,2.2507760164565,"1"
-0.769712512275004,1.52814205390504,"1"
1.47755295158715,3.76979118864389,"1"
2.45759216668835,1.81844837754398,"1"
1.06063904947175,2.91401124338645,"1"
0.888381647713005,3.06951788773992,"1"
2.45457660794558,3.67168551390785,"1"
-0.00941677915664862,2.60471698172712,"1"
1.98938363648106,1.54094512632082,"1"
2.01547765224731,1.50294013924973,"1"
1.75170215943192,2.49572691979806,"1"
1.51351186569762,2.4773387952494,"1"
1.58669803954441,3.9873014230725,"1"
-0.222078639028604,1.44671741061655,"1"
1.18236261861471,3.42689279767883,"1"
0.0754498935686341,3.54763146870347,"1"
0.604775681493279,2.88500734153806,"1"
0.283870005303751,3.13484568159172,"1"
0.877452256588614,1.79164128235547,"1"
-1.85513128990554,3.85375048586841,"1"
0.929070925321947,4.02577591309758,"1"
2.16660345442636,2.84238780082638,"1"
0.506246288497574,2.08985489969829,"1"
2.1857065630503,3.79318619785171,"1"
0.820312144603896,2.56399753161164,"1"
2.2174901232372,3.38560169272185,"1"
1.93520209961158,4.24356301039606,"1"
2.05836281440781,2.36461488332181,"1"
1.28038060618843,2.54132886298089,"1"
0.304182928099509,3.45980328762692,"1"
2.98106607646231,3.78270826439903,"1"
1.06456374627424,4.08440996812594,"1"
0.579356513321942,3.66955359719174,"1"
2.14701505285656,2.97940138292581,"1"
0.554608975536181,3.31404446088025,"1"
1.01917368785423,1.60705550307682,"1"
1.4149597286248,3.24520165767703,"1"
3.65104590773772,3.49653929186743,"1"
2.41607093026905,3.45686130539326,"1"
-0.462625337753752,1.93920324793207,"1"
2.24749387349057,0.94080561702534,"1"
2.11333259938121,2.03802550402472,"1"
0.610964883462125,2.35545906713081,"1"
0.352075791652383,3.01081445073597,"1"
0.831186648071146,2.9582079402411,"1"
-0.424119702204508,3.58078809453851,"1"
2.49259396285025,3.1671431337783,"1"
0.938505279556973,2.60168239844013,"1"
2.42346232857294,3.21744621428809,"1"
1.25039883882905,4.30522768431777,"1"
0.342056511289452,1.51982442331554,"1"
0.590566670327,2.05718546663914,"1"
0.744673283924267,3.93536018253562,"1"
-0.149326721211435,2.21530355443258,"1"
0.809442561098057,3.90173112872185,"1"
2.15510307056428,3.55616185376551,"1"
0.721418265572329,1.6699368137322,"1"
0.50487514130781,2.64362804886251,"1"
-0.143246840122094,3.18457788627433,"1"
1.3639710416856,3.29029665612949,"1"
2.12010075872127,4.5871449418548,"1"
2.48687995924377,3.34099018105923,"1"
2.04392650148575,3.27971667684444,"1"
0.872649261311284,3.00430496292182,"1"
1.22515916564029,2.57239397396154,"1"
3.27600267296146,3.68517797378217,"1"
-0.648941596017797,3.6197992014225,"1"
1.62594031448292,2.76932849891652,"1"
0.864773071999242,4.19462928790887,"1"
1.4823287678054,3.95054126464172,"1"
3.10428797443827,1.62687992594201,"1"
2.39113444885946,3.80899809416528,"1"
0.616413875537754,3.42331516260604,"1"
2.62293612752941,1.90351446775384,"1"
1.48140745464755,2.28254813419897,"1"
2.49959913765822,4.89694138070724,"1"
1.7072283399033,3.4569265680013,"1"
0.637387147856078,0.937608155674873,"1"
0.579378627411111,2.90855964256899,"1"
3.87604552031437,2.99903139462646,"1"
0.573544236220076,5.13722907369235,"1"
0.95266155699464,4.58022561025305,"1"
0.155679921667174,3.59022070937919,"1"
1.89275279481233,1.6387638130151,"1"
0.635911558940468,2.60941050546103,"1"
0.85483617348733,2.71864482099435,"1"
-0.256018227688928,3.74872168793129,"1"
1.22403879653099,3.85709596360671,"1"
-0.450659403831785,4.72293436253957,"1"
-0.719457534668017,2.70607439104397,"1"
0.944151663833957,2.56201026908722,"1"
-0.593345484172815,3.95906497537889,"1"
2.22579507364327,4.07274054575735,"1"
0.962474234530318,2.59645946631275,"1"
2.29352872118625,3.23211485831556,"1"
0.986618576999731,2.38142041716744,"1"
0.797692776233716,3.79978537566261,"1"
0.264451806792856,3.85558462653314,"1"
-0.0258730513298897,4.68189465817623,"1"
-0.188750411081538,4.45197508409352,"1"
1.04130761519813,4.14388807855247,"1"
1.68041076150072,2.62170985730244,"1"
3.5494292695167,2.05721667257079,"1"
1.75676552064395,1.29649863628373,"1"
0.374711162974319,1.8667505883753,"1"
-1.13903111029071,5.19682219032686,"1"
0.306797535685613,3.32470364161338,"1"
-0.0967144226862915,4.34816450073464,"1"
-0.369450052389407,1.87886544533878,"1"
-0.888965248777866,3.06911740906105,"1"
1.51475984198314,3.16723737370047,"1"
1.68291505975789,2.25534412077619,"1"
0.858003201393496,2.39216411297501,"1"
1.63589284348739,2.53433096657907,"1"
1.40708812060211,2.31011177733453,"1"
2.14358380952639,3.25495290809893,"1"
-0.732219805911314,1.95653200454414,"1"
1.16021952321056,3.69546168086239,"1"
1.93514668954325,2.0647509213851,"1"
1.87984036135354,1.68214803900995,"1"
0.0293989447783825,4.41403159153098,"1"
1.40621113225854,2.46474059641936,"1"
2.75744093798077,4.23291750542184,"1"
0.685115595228939,3.68523548278735,"1"
1.1408585025215,3.31586049271194,"1"
-1.06034522105809,2.54484909422901,"1"
-0.210176030208214,2.07493820629712,"1"
-0.252362660134206,3.3254483239344,"1"
1.67509421806415,3.15096960413509,"1"
0.867389940720635,3.14961428988892,"1"
0.259870646472849,3.99902152089791,"1"
0.0809283668773524,1.7885230938723,"1"
0.631559279078124,1.87115528381155,"1"
0.621168996423258,2.59879851685259,"1"
0.615154319660781,3.4035407379251,"1"
1.09440854149173,1.39486250144922,"1"
0.519196809854862,4.11517980376047,"1"
1.2878485226016,3.58436825743101,"1"
0.626581908212716,3.06169294768352,"1"
0.241935228839145,4.37216222091717,"1"
1.26036173363907,3.62167535433294,"1"
0.426197004026703,6.26243832573405,"1"
-0.62702153349779,3.69214938448238,"1"
0.897638214940862,3.8101446009739,"1"
0.690229465046458,3.78528046272555,"1"
2.70812085480392,1.73980340432046,"1"
1.02358397493492,2.04231600393634,"1"
-0.494038509325721,3.37437883561514,"1"
0.953827794618803,3.20418680110486,"1"
3.04807252260705,2.52390751080958,"1"
0.553585800583635,3.81213898047947,"1"
1.17170776639058,1.53556714229442,"1"
1.68055466347722,2.99206695712485,"1"
1.74304757905157,2.80329989880882,"1"
2.10960798949648,3.22512394104219,"1"
2.13636668427355,3.16382820788996,"1"
0.239781974867474,5.42150305370805,"1"
2.96421705402136,3.004166995406,"1"
1.73224471153908,2.79245407127223,"1"
2.05678497657477,3.31978826404093,"1"
1.71007194682377,4.54906089225981,"1"
0.877191501646791,1.89195077992688,"1"
-0.637828666291216,2.42398466413299,"1"
0.658380028598568,4.44990715677966,"1"
-0.278827689593229,3.16429302657409,"1"
0.340042085055254,3.51855684956801,"1"
0.458366304066455,3.41234374295689,"1"
-0.512788451907663,4.73497088906579,"1"
1.38857827968515,3.2737936376668,"1"
2.2939009425783,2.78219271578587,"1"
0.763160786394397,3.15113517852508,"1"
-1.25763284763946,2.46267865381845,"1"
0.90132119316191,3.626983221016,"1"
0.509791737373753,0.925977562675688,"1"
0.27646092206785,4.20917903514636,"1"
0.974131247425185,2.42583121720747,"1"
-0.802431235111848,1.57239163573413,"1"
1.45343133196858,0.707484448572663,"1"
2.06299447982617,3.36195545442041,"1"
1.53843568212144,3.52309675971748,"1"
1.41733712195423,4.47319244663365,"1"
-0.801404620961923,3.48191249245898,"1"
0.0692644239732684,2.77519422236669,"1"
1.32590274040455,1.71810780591571,"1"
1.2730145867438,-0.198101112569596,"1"
0.879466796514882,0.409156618304612,"1"
0.172614875667756,3.38148890035289,"1"
1.80601615086188,2.65916529053472,"1"
0.259765880580228,3.33141771140865,"1"
-0.153788759870915,4.95071085045519,"1"
-0.596988763934515,2.73958381975366,"1"
-0.671905260216948,2.65514747603187,"1"
0.0624719843704139,2.25206149981584,"1"
1.49481204210086,3.83014074060045,"1"
1.30030036025268,4.71990020977132,"1"
2.11625238231101,2.87212833606363,"1"
1.36050708666814,3.56267833806957,"1"
1.03768315412334,4.92699782512919,"1"
2.02441364307583,3.36797434891494,"1"
1.27637744395283,2.48702680444444,"1"
-0.5674441840672,4.08122775311799,"1"
1.63532583528334,2.51239947840138,"1"
2.14937337135074,1.69992588109177,"1"
0.832898481728691,1.83010521672338,"1"
1.3192067820757,3.604843164183,"1"
-0.358752442448282,2.20636565139455,"1"
0.714621734839614,5.00603399854648,"1"
2.37533216210498,4.54630769269844,"1"
2.33128702070359,3.41728798900195,"1"
1.81058518817749,3.52854124487585,"1"
0.100624265575172,1.99499090681841,"1"
0.660796712395534,3.52443428965769,"1"
0.388489525312366,2.39651595601203,"1"
1.22337197880609,3.18806890823376,"1"
1.58249998419114,5.84101042537224,"1"
-1.06107704078522,4.44819718609552,"1"
0.841453543246012,2.75759316727876,"1"
0.833540331506471,3.1111088961912,"1"
1.30466468517606,4.9586364281454,"1"
1.58304317691508,2.50946550927831,"1"
1.67378333464193,0.952596159567068,"1"
0.124832930418904,5.84679519109015,"1"
2.74646011486939,2.5917129130315,"1"
2.65361319932759,2.07115055807748,"1"
3.08040521749909,2.95996251814597,"1"
-0.878436354057647,3.0574356245201,"1"
0.888371043383453,2.88126171943906,"1"
0.824611130911642,4.40654180286172,"1"
-0.900959484019558,2.73890857971845,"1"
1.32594679841328,2.53616431513561,"1"
0.160010227000043,3.85439815085161,"1"
1.57824345580719,3.08725991525277,"1"
-1.1657014042867,2.96984147816036,"1"
1.18928153773437,4.60691107974695,"1"
0.489110889318786,2.34033799858242,"1"
1.36958513898944,1.18026549800326,"1"
0.815565264316799,4.24110296321692,"1"
0.8646658028249,3.26516174190074,"1"
0.814234809541501,2.93000429085464,"1"
1.21036150269128,1.98567111983042,"1"
1.80836511404756,3.13188489283305,"1"
1.68962154374383,2.86070051052864,"1"
2.08594235037162,2.3455586094876,"1"
1.29684236178789,0.745652736577603,"1"
2.24778226026492,4.78298752417531,"1"
0.99384893417068,4.55491750684892,"1"
0.198606909004563,2.91849194691943,"1"
1.7422143066224,3.22886814807426,"1"
2.48484662250641,3.11637143374823,"1"
1.25665511721793,3.06818261751691,"1"
0.488768544289289,4.35522440516046,"1"
1.1720702890233,1.51447574301906,"1"
1.26106319389126,3.95408030338599,"1"
0.425114013716114,2.68361706275159,"1"
0.742184765067725,3.39037973873784,"1"
1.05161148736205,2.94038879420559,"1"
0.423547556059098,3.32125760733388,"1"
1.32613274811344,2.02708153469389,"1"
0.658240392624755,2.66766475122556,"1"
0.556946662038928,2.44327882341979,"1"
0.327626742927469,1.10846926604491,"1"
0.231453048074651,3.85027124672887,"1"
1.66115772977648,1.70955396452939,"1"
2.67342251957917,2.92792978974771,"1"
2.75594358520976,2.16549797207822,"1"
0.368988262369288,2.72147213509086,"1"
-0.331627019181256,4.31960286058245,"1"
1.59456289684819,1.90898652366282,"1"
1.39813672898252,2.4490397209972,"1"
0.894423771507206,3.84973550874457,"1"
1.5857670455683,3.73235339668016,"1"
1.36767871225492,2.54126243470689,"1"
1.3618046870924,4.53888987853044,"1"
3.57121775127967,1.66375920784437,"1"
-0.204821312787257,3.44443666099064,"1"
-0.405995176339063,2.53636128873074,"1"
1.06875734083757,3.64765272901715,"1"
-0.819455759013402,1.58361713917711,"1"
0.363897159020231,3.07420879197359,"1"
0.543746385034589,4.14175408934011,"1"
-0.0347654690118351,4.12956059036787,"1"
2.48789115895307,1.41817523188544,"1"
2.17862221421655,3.71986097529979,"1"
-0.315624314603341,2.58570564980942,"1"
0.541987096594295,3.1034643525492,"1"
1.50250045493151,1.91731126582961,"1"
1.69815593924168,2.38481793938592,"1"
-0.703794484327612,4.33623183804963,"1"
1.87269593596458,5.00373146594483,"1"
1.29238140135086,2.38877592558807,"1"
-0.120859712421049,4.03914269056391,"1"
1.47686025353834,2.34694454517344,"1"
-0.554223500685192,1.81257895206504,"1"
1.55012438857565,3.28207887637709,"1"
0.411402872806633,3.51042162674451,"1"
1.51049349686173,2.3407668259253,"1"
0.350264274377813,4.71133240995801,"1"
0.137344998701716,3.54340009969639,"1"
1.80556802129725,3.68870852192563,"1"
0.45326498993531,2.37904541772898,"1"
-0.0425480386289574,4.92471082925837,"1"
0.956001717312285,3.07448936950977,"1"
0.51843917091942,3.3995972398709,"1"
1.35497361698234,1.84805312386686,"1"
2.24828097143939,2.88509007732869,"1"
2.02349190920951,2.92657529333728,"1"
0.586161008911736,2.87134154407846,"1"
0.739194407383306,4.12158158362553,"1"
1.27362720078406,4.98245900787985,"1"
1.46132889000544,2.89199267073744,"1"
1.48206839662367,1.12849859233014,"1"
1.82324455412197,4.47161418932383,"1"
0.492322259770214,1.97219938606586,"1"
2.01248886773762,2.0272194597347,"1"
1.80191282497695,2.91254923026297,"1"
-0.421185776215686,2.82191013235319,"1"
0.940020791472822,2.01632664280398,"1"
-0.69400516119674,4.85728888529422,"1"
-0.39436404395858,3.48855512532441,"1"
0.641890911846937,3.6252242999704,"1"
2.33361506421416,2.74422965993339,"1"
0.265324781981608,4.61317173490391,"1"
1.73560697437505,4.66781012191013,"1"
0.210581454097787,2.7376602870372,"1"
1.84958840729022,3.86146034310615,"1"
2.01728577605219,2.62124119122901,"1"
1.02280629550819,3.26127526368903,"1"
0.806556017762773,4.31576731306853,"1"
2.47213253519867,1.38720107379445,"1"
1.40058216253481,3.13454765577209,"1"
0.650918517408437,2.90379695343271,"1"
0.466571483596063,3.29604811388095,"1"
0.726027469296456,4.10877165386459,"1"
0.982595115513016,2.43784395573932,"1"
0.185982789485234,3.99776304076306,"1"
1.39095760274975,3.66132431281236,"1"
-0.105580987626894,2.98480177783068,"1"
0.882429212209063,3.61334822749508,"1"
2.17193084553109,4.04320138291532,"1"
0.705970014814105,3.95992049337596,"1"
1.0758641965839,3.68137436321298,"1"
0.174197354131169,3.06491208708826,"1"
2.7052331129174,0.838983978330356,"1"
-0.634532828614347,2.68000682778843,"1"
0.418604937565988,3.28992458301763,"1"
-0.177780732111196,1.50820038413177,"1"
1.15253593302017,3.04330807495718,"1"
0.748554893603632,3.39933434661055,"1"
1.68064200199664,2.69711174783986,"1"
0.0542470391824167,3.80502530042639,"1"
0.961033955923431,2.58211487500838,"1"
-0.864643899934842,2.801464575239,"1"
-0.246074726472576,2.15248946613919,"1"
1.33862363688493,4.00856109012632,"1"
1.42718277961455,2.30238449801069,"1"
1.3307773016121,3.96250222163249,"1"
0.507525210448762,2.29742205225381,"1"
0.305011693485584,3.66896012622591,"1"
-0.371309994393607,2.74154398607971,"1"
-0.47946109837136,3.51232262558871,"1"
1.40814031182797,2.36274493217017,"1"
1.32191750537463,1.26849304535322,"1"
1.25043698065213,2.53429856600081,"1"
2.36387606998309,2.06780387271164,"1"
0.1856911931751,6.28148619326175,"1"
0.709391559547567,4.10344195095759,"1"
0.187939142411069,3.20239829374117,"1"
0.722401218273118,1.8130835577643,"1"
1.44601390905198,3.78204420111977,"1"
0.248198529885478,4.46061437603483,"1"
0.468537784163301,1.14436453028902,"1"
0.161953517331261,2.84312029644224,"1"
-0.160375689233776,4.1512545482749,"1"
2.22768625741278,4.25893700921105,"1"
0.935886650722492,4.66863318045818,"1"
1.63333118491583,4.13934708339447,"1"
0.405750214256184,2.99743103354503,"1"
0.938130749148378,3.0112714306037,"1"
0.72326836708512,1.96664262831929,"1"
2.12798320967435,2.50684626129376,"1"
1.46497884954062,3.28778147096253,"1"
0.126164774576504,3.02098001163977,"1"
2.36322605651301,5.3671691568479,"1"
1.3078747054962,3.85166342163205,"1"
0.0938511908344418,1.57177562679873,"1"
-0.0128158390159332,3.8065858012864,"1"
2.26166917332463,3.4730560570701,"1"
0.188622274789856,3.06037561867903,"1"
0.25261590126037,3.9644603365954,"1"
0.771480885833212,4.26904703146185,"1"
0.872633963017165,3.28003611010564,"1"
2.51854317325677,4.13129339208268,"1"
1.30809483097577,2.88293530512261,"1"
-0.662728641359788,3.45355572520553,"1"
1.75434861456279,2.89547379659903,"1"
3.68173885632458,2.1842075401677,"2"
3.51703809552948,1.31182170843688,"2"
3.1712322688408,2.15962176983628,"2"
3.85473991893342,0.420411084229588,"2"
2.81575772273705,3.54118947662954,"2"
2.95979391685932,1.11845551371971,"2"
2.49412233613915,1.78214548552286,"2"
3.48166194448186,1.17853245056886,"2"
2.55428911250738,2.9886675066526,"2"
2.56901358142923,1.64948890302646,"2"
3.95552462314626,3.00673716255297,"2"
2.09997749999192,2.84467593970714,"2"
2.36682579956739,2.83580232733084,"2"
2.81023471890715,2.03929486517445,"2"
3.12413329936091,1.75437627054785,"2"
2.8157356159203,1.40078913016401,"2"
3.28042181353339,1.09569000932359,"2"
3.15584934728077,1.37043920745526,"2"
3.06079592661996,0.664580140864646,"2"
3.26094703833362,2.40984576888541,"2"
3.92502464900985,1.39405579270834,"2"
3.94838687680072,1.70619456522147,"2"
2.97969272125119,0.319895077173746,"2"
2.6431270055022,1.5375184072404,"2"
2.72063384725121,0.859321561613825,"2"
3.14419609191826,1.21975316095388,"2"
2.73693006579124,1.58737311655738,"2"
3.61348150373562,4.52145689136163,"2"
2.57383611709369,1.57440067505908,"2"
2.39592887163994,0.621486133143934,"2"
2.89792781156038,0.0328995239235328,"2"
2.93333512482942,1.87306859740757,"2"
3.01627060925697,1.5965813702965,"2"
2.93232917310923,1.69273361521405,"2"
2.58949122820604,1.34484969436698,"2"
3.50768376938374,-0.375818116608357,"2"
3.25237946491565,0.944044701748376,"2"
3.9226314163642,0.655484498546433,"2"
2.44913791576719,1.96600159042551,"2"
3.50617265510384,2.88751797354427,"2"
3.21971088460383,1.47409523965561,"2"
3.37624276939485,2.26083016490259,"2"
3.63269243009964,0.14407135454236,"2"
2.62505092389527,0.390116738761546,"2"
2.53064171383372,2.02979189043832,"2"
3.2940356782592,3.17166794579833,"2"
2.71863862314866,2.13637095395897,"2"
2.82934600725844,1.54249423674598,"2"
3.21195540284262,1.72977119981361,"2"
2.27063904061376,3.13315756952115,"2"
2.3788426330269,2.11483689012449,"2"
3.12929770113408,1.31204178058163,"2"
3.67037618158025,0.508716225462934,"2"
3.14392669264691,1.27281963582308,"2"
2.43362504455105,2.05893617852552,"2"
2.48142031792643,2.17204135159931,"2"
3.61037880744983,3.43302056950037,"2"
3.31671683982708,1.95241283743544,"2"
2.61441717238621,1.13549869710948,"2"
3.21390634091641,0.22580612903563,"2"
2.93193684792306,2.65328517506731,"2"
3.20591596754927,2.64530626661419,"2"
3.76468611473021,1.58516199869931,"2"
2.98397873163188,1.76544909363121,"2"
4.12874027618539,1.56878896269462,"2"
2.68648547213069,4.36570485416119,"2"
3.70554045343637,1.63536440991967,"2"
3.27248882627525,1.08030077942201,"2"
3.40675498870878,2.84571700562056,"2"
2.72734003975149,2.03637673669747,"2"
3.08899781291437,1.65762121375567,"2"
3.08619580531156,3.08488996407819,"2"
2.86762955297946,2.62166703814892,"2"
2.80661459687094,1.55512886051936,"2"
3.06217088382138,1.20794806792731,"2"
2.42099256875099,1.12578354170718,"2"
3.58310409501447,2.82568513405625,"2"
2.81038621341397,1.17056532742165,"2"
3.02188240307358,0.222683112853692,"2"
3.43798827205956,2.16560844897589,"2"
3.04528470098982,2.43170373036442,"2"
2.77509855887215,-0.619735691984908,"2"
3.8703229285598,1.24536333786102,"2"
2.46719714816039,1.91547226531952,"2"
3.47872598684138,1.99487473513158,"2"
3.03102952634577,-0.438380855903557,"2"
2.91656022050557,1.70689237999061,"2"
2.99189662481263,0.661959690337336,"2"
3.19299799035266,1.54345512700991,"2"
3.28268150241516,3.75494242356433,"2"
3.43477356830245,3.02834894931882,"2"
3.33436353199219,1.13728609527844,"2"
3.30231593246545,0.504578298445318,"2"
2.7002494714772,2.27028094917762,"2"
2.779477038909,2.39875181565976,"2"
3.95209693961041,2.73466218086547,"2"
3.19440867371513,2.17797589195339,"2"
2.97770398090732,3.53453390872405,"2"
2.78912902295953,1.65684381951407,"2"
2.99971148889683,1.34839116213482,"2"
3.49431765720395,2.38929349792036,"2"
3.21421953198474,0.959602355414106,"2"
3.42918382689633,2.50701261728337,"2"
3.79186185519975,1.04911483353733,"2"
2.85082013437876,1.52348323126006,"2"
3.35572755758046,2.17055902078672,"2"
1.85956956554966,2.15374284803082,"2"
2.5878742644128,1.14149539715198,"2"
3.76847547604089,1.71318757770688,"2"
2.5707927401351,0.737356419712909,"2"
3.27346581849383,2.25146581264628,"2"
2.76840909816302,2.28786255164507,"2"
3.16392392629647,-0.775085309066154,"2"
3.75433790580502,1.30700610709035,"2"
3.35269027091403,2.03449716449408,"2"
4.18756427679886,1.76021918639231,"2"
3.64874480722779,0.19204985120901,"2"
2.54900940883367,1.22005688234527,"2"
2.91392112182162,1.7422420011013,"2"
3.84938774396348,0.79676761364905,"2"
2.46549929662159,2.38340717659974,"2"
3.29049433542782,2.46258484687864,"2"
2.37595341795588,4.00788111720557,"2"
2.89682902009827,0.811945975674826,"2"
2.93640421084662,0.902813397768084,"2"
3.01227339196159,2.26630994869322,"2"
3.68464867966408,2.16041723967242,"2"
3.16397404041943,0.498181662973935,"2"
2.45699793532729,1.18795213904637,"2"
3.10467566358996,1.82755557282622,"2"
3.1056779757182,0.855289702631008,"2"
2.73203756972955,0.745930651523038,"2"
3.48339349468349,3.38771413056205,"2"
2.17155877488896,0.882918827343687,"2"
3.37536059571047,1.15662288395793,"2"
2.93637467707095,4.54852420509368,"2"
3.05762298094648,1.09357909903461,"2"
2.9119930834467,-0.694464865909947,"2"
3.21641073626096,-0.128915038579452,"2"
2.85605474464338,1.46606437288247,"2"
2.39622872353656,2.23655249084796,"2"
2.9849915753278,1.88240978103547,"2"
2.86112564848919,2.25624974273635,"2"
3.36594937693097,1.02554340256734,"2"
3.71131374042868,2.49445616145829,"2"
3.13464206938293,2.70112198596169,"2"
2.56233449422711,1.750521682589,"2"
2.96068561267887,1.15040950840012,"2"
2.68045891575652,1.61289259821327,"2"
3.01345689514592,1.92932916903803,"2"
2.26149741039899,1.43278051916451,"2"
2.72206544230339,2.30586092020872,"2"
2.35877924403151,3.28227944765428,"2"
1.50438965732908,1.2731222046589,"2"
3.52104768699741,1.59847351769058,"2"
3.21196541512242,3.02842578470385,"2"
3.54078144604624,1.90103139837837,"2"
3.01283544361144,3.16578221492996,"2"
1.67850616847178,3.74954147989927,"2"
2.34777198112029,2.03011671148436,"2"
3.12751906931734,3.39398683241539,"2"
3.05035145615452,2.67422390292444,"2"
3.38077770234838,-0.890495342751755,"2"
2.89972960196823,2.34573148275334,"2"
2.67926093971487,2.58125112080486,"2"
2.69397925534849,0.711440424770241,"2"
3.37043340999603,2.69329074172717,"2"
3.12911838763998,2.00011232584172,"2"
2.50088913108442,3.40467206780333,"2"
3.18575671388757,0.884744061828369,"2"
2.5248128909185,1.08770673533594,"2"
1.69119844314173,0.104986521502978,"2"
2.75046559480623,2.51523184746143,"2"
2.97973120372935,0.112427354970362,"2"
2.74146436304188,2.7912878794399,"2"
3.37549352345193,1.3291812030076,"2"
3.17600989259281,2.26019963582562,"2"
2.62118317835257,1.12374316013536,"2"
3.88729569652775,2.85607231669036,"2"
2.78638302112489,1.49682080649704,"2"
3.25199106317838,1.7729679662542,"2"
1.86941406339318,1.57430037841343,"2"
3.83993473496161,1.51788184151474,"2"
2.07269049857398,1.85632205262686,"2"
2.33922267129548,2.75577504309397,"2"
2.9779291573924,3.43063862775237,"2"
3.49470674073921,1.14278184655178,"2"
2.82947035823581,3.38830533381298,"2"
2.67831611263739,3.10261856855073,"2"
2.87146737261847,1.35341510371482,"2"
2.49303881227742,3.29284203256801,"2"
3.09214604815105,1.76548490540926,"2"
2.79708973228488,0.852362755636104,"2"
3.33402305942224,2.65151208403697,"2"
3.59683881395717,2.72537215509504,"2"
2.55238795645967,1.79772689574791,"2"
2.7193562371239,1.92540751409273,"2"
2.88293636071621,1.11238974764427,"2"
2.85649125530747,3.4579105320225,"2"
4.09691782218485,3.62730234795212,"2"
2.70287618282356,1.23160536387892,"2"
2.38666590378785,1.93624645251083,"2"
2.52181936013303,2.72255780682499,"2"
2.29113582725748,2.41967172763181,"2"
2.79221258948032,2.32305304190083,"2"
2.05598551289812,1.80422859083531,"2"
2.42985211694334,2.01038787250747,"2"
3.36710584355979,0.882532093975014,"2"
3.0631707209497,1.13273144589937,"2"
2.7455190636915,1.83336212886406,"2"
2.4787260889937,1.56367381054941,"2"
3.00027029680622,3.00249606716721,"2"
3.43701518572438,2.69758639044682,"2"
3.27390317907508,2.37852357735552,"2"
3.74045311342684,1.95211830474203,"2"
2.93435017358701,0.671905436058247,"2"
3.1589220006028,3.25820567533573,"2"
3.23337345306801,2.15189248609659,"2"
3.35879549659074,1.97153537309624,"2"
2.82548722299085,1.26332911411745,"2"
3.65826339551843,1.51937836715517,"2"
2.80559748686305,1.5307138651538,"2"
3.32304417442814,2.37608658446148,"2"
3.72703005739292,1.8687746143202,"2"
3.69338435335715,3.77351123204845,"2"
2.68304580907038,1.97382854181863,"2"
3.33822722690034,1.80776176265978,"2"
3.19861158764508,-0.443789704666039,"2"
2.30307250975814,2.73254906563464,"2"
3.64844867024846,1.75374335632718,"2"
3.61223990505675,2.13054208362869,"2"
2.41316626037178,2.06670038762548,"2"
3.46415330729076,2.85675671828882,"2"
3.0890102791071,2.17126058420977,"2"
2.66300007150874,2.90170381449192,"2"
2.96967514461348,1.99445613467892,"2"
3.48093319372033,1.81750949504786,"2"
2.91430913971026,0.958558148738057,"2"
2.94162630847418,2.35476983485362,"2"
3.88796000109183,2.74698632758478,"2"
2.58175605089093,-0.233372691253167,"2"
2.36370246871454,1.64789133559541,"2"
3.53177213365742,-0.856283968166399,"2"
2.64144083919486,1.60530439430019,"2"
2.76609042937024,2.6708893473141,"2"
2.9325105313315,1.94210093404443,"2"
2.76977042878538,0.516593716904296,"2"
3.42426021198385,2.34638716989058,"2"
2.75325618340812,4.16082838292882,"2"
3.66114185966514,1.83034801274985,"2"
1.89213096205304,1.39200137369956,"2"
2.98925376099547,2.72029617258589,"2"
2.94023254835332,2.01551913651273,"2"
2.91267635478542,0.367647247225657,"2"
1.66115976486671,2.12104905422728,"2"
2.73478488267156,1.95392712106433,"2"
2.45707440522864,3.1123999851793,"2"
3.0401736557068,0.472406182853077,"2"
2.85390081195006,3.08027096803469,"2"
2.62593025025184,0.610326532288207,"2"
3.20583040756473,2.66233013651112,"2"
2.94490934037467,1.73171467606312,"2"
3.73572425073397,2.79341887110073,"2"
3.44101400294348,1.71349678335982,"2"
3.09256735573976,3.56860273708133,"2"
4.60716307992513,3.11717751344581,"2"
2.71921449560163,1.45150190184341,"2"
3.47138643769966,2.6250718129468,"2"
3.51354134879879,1.69468653080512,"2"
2.96039095404877,0.800845130118687,"2"
2.99226374900513,0.896090591299065,"2"
2.96159455790334,3.70974405841346,"2"
2.74501510544653,0.577510500904181,"2"
3.51218630295594,3.82447506450086,"2"
2.60143961481956,1.3493358741031,"2"
2.68304533188109,2.42090085602199,"2"
2.62417025082583,0.0602208880339274,"2"
2.58208057135214,2.85000440919713,"2"
2.18441726743826,3.0108539588395,"2"
3.31334498222784,1.84385435061568,"2"
2.75833199938876,2.50881381560803,"2"
3.10226844739353,2.39169268078905,"2"
2.65764191982269,3.6708087671228,"2"
3.34384880507836,1.66195703933342,"2"
2.71178927591781,2.63810602812052,"2"
4.03849606558664,2.659607703182,"2"
3.20919265315464,2.07709698167789,"2"
3.60999070435998,1.97972407178878,"2"
2.87930112027586,1.79884913478343,"2"
3.01590698640372,0.58258872752911,"2"
3.27109513494567,2.07919823024635,"2"
2.50457206898528,1.93501981917662,"2"
2.34291813012201,2.33646679771705,"2"
3.18286939602018,1.20698537832338,"2"
3.06746221123062,2.52329953194911,"2"
2.08381831784756,1.35999723513449,"2"
3.00654532145156,1.4426504158701,"2"
2.68211228989372,1.02885703350454,"2"
2.60070689573044,1.50445417463142,"2"
3.15626943895689,1.18828393090386,"2"
3.45027132144263,0.613373901022187,"2"
3.64978705978181,1.07352926991384,"2"
3.72524388959672,1.56852429229872,"2"
2.91415581657371,1.52944199440894,"2"
3.37768245604597,2.98473644419681,"2"
3.45936867484238,0.814717456371151,"2"
2.90390154190214,2.07296781492635,"2"
2.75367405823481,0.589470991588588,"2"
3.11239696631411,2.17145762205457,"2"
3.21500451304651,0.80348134120143,"2"
2.93807047369805,1.24728720819558,"2"
3.09602625318346,1.91987909517215,"2"
2.36848656098144,1.14467641179869,"2"
3.30553614643942,1.22810047894213,"2"
2.49236487436578,1.14795582387265,"2"
3.51505767971399,0.943030273231231,"2"
3.14898931934969,2.30965427531962,"2"
3.91979468184976,1.33861577527935,"2"
3.31930962315189,0.675603962718109,"2"
3.17412426103579,0.191697682921352,"2"
2.55864369807214,3.22166374677065,"2"
2.3085823927217,1.54311463022457,"2"
2.78480694044402,0.680298353621419,"2"
2.93147764625134,1.48837258977104,"2"
3.27521249339439,1.36017095419774,"2"
3.01613535988041,1.77738486968342,"2"
3.15448797186141,2.90643787752805,"2"
2.82102629919376,2.26805613516426,"2"
3.33185945845022,2.86586295058052,"2"
3.61611028399795,3.67611863496124,"2"
3.01879108933877,0.332205963392681,"2"
3.29546487378211,0.98498939837433,"2"
3.74286461746482,2.19008871470512,"2"
2.89776639492804,2.81280266519786,"2"
2.62700333935904,2.95339697027803,"2"
3.06300347073032,1.24581957275431,"2"
2.904363575997,2.28969497256366,"2"
2.7591141249758,2.4467563765098,"2"
2.85213598100318,1.45604340297482,"2"
2.96251857312272,2.8257481408387,"2"
2.65559345402652,1.23802308764826,"2"
2.46198330427235,3.47381251969737,"2"
3.23901882789773,2.4451583393201,"2"
3.2838807626113,3.66260028862848,"2"
2.20287235157906,2.14360275802735,"2"
1.83890482108296,3.53819175577489,"2"
3.5566213279859,1.22934884742914,"2"
3.02959240961857,2.003548203738,"2"
3.02595967973726,1.17284825244231,"2"
2.3688817094015,2.55851148504891,"2"
3.60090228284468,3.1925954244418,"2"
3.09761680831181,1.73223917118349,"2"
2.77206897281112,2.696191671814,"2"
2.84606272450427,1.97895925576627,"2"
2.9837356015924,2.69289439275135,"2"
3.27180523248401,1.96358370873387,"2"
3.30769824250661,1.71153615632469,"2"
2.54744151496988,2.09780633370124,"2"
2.03362461271705,1.44530156862727,"2"
2.42991037065937,-1.34517877220515,"2"
3.07869897770524,1.68672742755152,"2"
2.31056303681008,0.929701622950837,"2"
2.86337165351767,2.02007457903362,"2"
3.31181175808465,2.81357266401003,"2"
3.1227280314287,1.1891089466726,"2"
2.65133978001099,1.06519269669362,"2"
3.03511921473031,1.71578079807506,"2"
3.8273987080447,0.631016846798536,"2"
2.98330605661645,2.79785677179406,"2"
3.56246329065487,1.28430471808611,"2"
2.72077392465925,2.98199461539703,"2"
2.5986947872801,1.14728234341299,"2"
3.40784747718696,1.87063478636164,"2"
3.42208229492589,1.35532008404396,"2"
3.33018244819491,1.63249655589194,"2"
3.69167743702604,1.38560416346103,"2"
1.85709569305568,1.99038176530853,"2"
3.25825513937923,2.53984926031148,"2"
3.10843166246349,2.05798832619289,"2"
2.96601832806218,2.32948026823429,"2"
2.91119948950368,2.53431691090877,"2"
3.23574210739927,1.44889415760577,"2"
3.75932731613712,0.814912475613425,"2"
2.84168457837758,0.475633050115512,"2"
2.1337556345853,1.20710793651292,"2"
2.33132317655132,2.05728363238793,"2"
3.49593617641767,3.32872648264709,"2"
3.03835545985,2.44683814168146,"2"
2.65208329188175,2.69837539085141,"2"
2.85430902986808,2.5301218724013,"2"
2.80921192997232,1.0512425243206,"2"
3.32347194490374,1.2335443884753,"2"
2.86000766631969,4.53091067583448,"2"
3.20916615154317,1.74525930963718,"2"
3.387322543026,1.28964002761945,"2"
2.36425830322981,2.02258045993951,"2"
3.26097881152249,3.12899545199029,"2"
3.48181488419758,2.52048007632123,"2"
2.73605034876705,1.91858984203911,"2"
2.75151566003511,1.99600532981296,"2"
2.66182865283651,1.9263176533373,"2"
3.15816074395113,1.5389160927598,"2"
2.72004633512328,0.549781811307159,"2"
1.93704218355232,2.94147102155011,"2"
3.41775937328058,1.716393269676,"2"
3.17747554525218,0.677530051040519,"2"
3.55056819944062,3.63635699973418,"2"
2.89467800377383,1.51509622297692,"2"
3.00471978560211,0.579166757384982,"2"
3.25111762006398,0.980188843305227,"2"
3.01538123448538,2.90416409595612,"2"
2.66705686469885,2.61959994114542,"2"
2.95008051729067,2.33028765154177,"2"
2.09777524718631,1.36824870975581,"2"
2.07844057875219,2.87799036078502,"2"
2.36976902351957,3.32508345935368,"2"
3.43103670584808,1.81874728559292,"2"
2.38220921565076,2.22911371838108,"2"
3.62825315144681,1.82185046468938,"2"
3.44595992003104,2.54263714878009,"2"
3.60929065320617,1.60453688860178,"2"
3.41982355723805,2.20370404570974,"2"
3.7779108297086,1.95242346334602,"2"
2.64898971877297,1.63553403827601,"2"
2.95688954688959,1.29052463178286,"2"
2.71085840532082,1.63907665268323,"2"
3.37109904796091,2.38422398109076,"2"
2.14926717765874,1.81110431486797,"2"
2.80423675013147,2.66993127640675,"2"
2.71338008803308,1.3563746947194,"2"
2.69063901918602,2.55068023136525,"2"
2.61962508948224,1.58491234647488,"2"
3.47340263209057,2.42923858159439,"2"
3.26081123056717,2.57852072953159,"2"
3.31222528407521,1.42382645758785,"2"
3.20633704850977,1.37666087885335,"2"
2.83708768977243,2.04993950780692,"2"
2.897617359669,1.32207515036046,"2"
3.0483776203969,2.29362981865828,"2"
3.10333419828843,2.77362043870833,"2"
3.1351430268142,3.42060234615277,"2"
2.42976937626628,1.26159079053278,"2"
3.06611519397495,0.626238895158474,"2"
2.86049311133335,1.88976902620974,"2"
2.60494630715253,2.22895425920063,"2"
3.17945229494558,0.0144573965648334,"2"
3.46541037131169,0.712506288896562,"2"
2.18457751952715,0.200215942737446,"2"
3.44731246463848,2.42322169283298,"2"
3.51970559152612,2.35195192272029,"2"
3.28026071946786,1.75842195805345,"2"
2.71734887696723,1.54892698647229,"2"
3.74064185333854,1.38121166697159,"2"
3.07529587889526,2.57071295936039,"2"
3.53587459651499,0.422516931075096,"2"
1.5540767677437,2.89707366987228,"2"
2.74881595974685,1.50889646768495,"2"
3.12173424509072,1.93664434651363,"2"
3.01151348253574,2.83839295132876,"2"
2.45671045693894,1.20577532794722,"2"
2.85667974973573,4.04925943895722,"2"
3.33091511855472,1.74737099011002,"2"
3.88230848522346,1.95249276734623,"2"
2.34625347386533,1.48644607217157,"2"
3.23481746082197,1.49108574909357,"2"
2.7588288142465,1.46191463353188,"2"
2.83126753678769,1.71096585606526,"2"
2.60018249707057,2.94399139250861,"2"
3.54683556226896,2.11056213288437,"2"
3.29562016481117,2.89491507073673,"2"
1.6837793966573,2.38249811084587,"2"
2.98020057438703,1.42983201697804,"2"
2.31826774526076,3.76689021100556,"2"
2.84866386890045,1.68434961038869,"2"
3.39026655304692,2.36507987997199,"2"
2.75333029720057,2.73546910067872,"2"
2.19739574966397,2.73899003549341,"2"
3.50479087195963,1.83063535342781,"2"
3.73146013307178,4.04141928642931,"2"
2.47133372826117,1.23741465793841,"2"
2.66693944356685,1.84947450441415,"2"
2.46334972178224,2.22647284243531,"2"
3.04200778689647,2.76661801275201,"2"
2.25963057448005,1.24649154885503,"2"
2.62638560103902,3.87305167621127,"2"
3.61682006527463,2.13558437072623,"2"
3.30646969343653,1.99379799018462,"2"
3.06916487647235,2.43455014528405,"2"
3.02481337105714,2.56342313058652,"2"
2.75581652488408,1.95353408990971,"2"
2.82807165028902,3.44122038728416,"2"
3.45967334838015,1.68283324000932,"2"
3.37216624662443,1.77228178511555,"2"
3.62886778188603,2.73235313367555,"2"
2.36834886582689,4.66752998387848,"2"
3.78464819029061,3.88727299577794,"2"
2.87756644990712,2.89660228876127,"2"
3.20185831479137,1.55961380456108,"2"
3.11816237747732,0.600549801001433,"2"
3.26372131498567,4.07002251967386,"2"
2.74982437446213,0.729954847012579,"2"
3.26747628273768,1.92726977957931,"2"
2.86315939295621,2.02270842335257,"2"
2.6580313256095,1.41671753090376,"2"
2.98553779978347,2.97255552218159,"2"
2.58848304926859,2.24191314847752,"2"
3.1661552053841,2.14791411684475,"2"
3.38382968270756,0.246635143519251,"2"
2.65219294394869,1.40237291139839,"2"
3.22121709582871,1.9734607157725,"2"
2.525857487058,1.5962369366965,"2"
2.88143805179111,2.06201864262001,"2"
3.31656120827846,1.49616605350968,"2"
2.33764444581645,2.22989943381757,"2"
3.3393968675937,1.91787890200414,"2"
2.84134524822789,2.19854876629697,"2"
2.54904770934134,3.97616454818782,"2"
2.3924264091086,2.05114154224987,"2"
2.69818379946571,1.33277069417792,"2"
2.97184296417832,3.11099182512774,"2"
3.08920949584691,3.64709487845966,"2"
3.09763087738543,2.7290482380652,"2"
2.13999011728394,2.69429655807948,"2"
2.37508148520897,1.98558619094787,"2"
2.56504221582149,1.44758935520323,"2"
2.62895996587357,1.37451340517783,"2"
3.46888938276617,2.20260272275711,"2"
3.42671870041998,1.33320900388089,"2"
2.84391922632786,2.63536417095474,"2"
2.59809160629716,3.53350974845138,"2"
3.89542217938102,1.20094485205932,"2"
4.00619039744647,1.86816113729785,"2"
2.47492051916977,2.68826739148177,"2"
3.49458578101064,3.81658837618269,"2"
2.95837847611706,0.999542312337243,"2"
3.82329909587862,1.95463964533544,"2"
1.86089060552012,2.94257315193771,"2"
3.76262143468295,3.48139852424705,"2"
3.49243733718834,3.60549037802036,"2"
2.78205602317023,1.1255538267121,"2"
2.91073919408119,1.21327625938941,"2"
2.77456364270917,3.45058026886086,"2"
2.57408016966279,1.37731261541084,"2"
2.28612693881829,1.8778032916624,"2"
3.76997068930935,1.53938025361576,"2"
2.16937323089474,2.11631022950379,"2"
2.64580309092709,1.94453444774252,"2"
3.64118156842523,1.42021703015213,"2"
2.63188937366888,2.52795762310652,"2"
2.75539212165687,2.17386095551881,"2"
2.99586507999183,2.87050209196292,"2"
2.55642480397545,0.540608703345848,"2"
3.28274397427439,2.78437664292976,"2"
3.31336443543434,3.26101543858319,"2"
2.81355996983039,2.08875493813048,"2"
3.98922014724113,0.199931731660851,"2"
3.23739191521198,2.92982837193593,"2"
3.30664910112222,1.89124180929856,"2"
3.34014872176794,1.5224461922438,"2"
2.91193668819854,-0.840169251212742,"2"
3.57004253339501,2.66375342703194,"2"
3.0729962581909,1.53315741755782,"2"
3.01607815062363,2.21189767632203,"2"
2.72119653368417,3.04373981800435,"2"
3.00008026373921,-0.82756915636759,"2"
2.5482464133648,1.8360176066644,"2"
3.13434627105019,1.78405136977049,"2"
3.23214523873602,1.39777262791417,"2"
3.35745610460211,1.43495437710312,"2"
2.51924202993855,3.82394105267742,"2"
3.05500060980057,1.85440986728737,"2"
3.41748235298918,1.10757140857537,"2"
3.25033733467599,0.676572345113207,"2"
2.57962777667643,-1.19996989150772,"2"
3.10401372354905,0.822613465475252,"2"
2.88290953550055,0.657224175061039,"2"
2.81567968810829,2.62587516111117,"2"
2.25966887711545,1.00773701030244,"2"
3.37635998218313,0.964502099765429,"2"
2.88614959398365,1.49312236012533,"2"
3.42027384161525,2.29588540906755,"2"
3.31537275965204,1.14661902045326,"2"
2.68981781526143,2.98129959786111,"2"
2.74840231064732,2.90278636215012,"2"
3.25394206385186,4.35054544698863,"2"
2.97843641154101,3.30065570028709,"2"
3.5434100006181,3.47022651172362,"2"
3.33861648789996,2.23822806053057,"2"
2.84259127409629,1.12713621376969,"2"
2.59368415017139,3.42091712920459,"2"
2.15748377792383,3.42798932079067,"2"
2.98030230410009,2.22024448332698,"2"
3.12108514795217,1.37374965643354,"2"
3.0409023327889,2.47093394294204,"2"
3.02269085098556,1.07455918720265,"2"
2.37362030511092,3.82800434290568,"2"
3.72498536336847,1.99753152199835,"2"
3.6409222285143,4.20198998236688,"2"
3.46295027271356,1.35374031173376,"2"
2.67174260618842,2.86434777004259,"2"
3.32035956090958,1.43111718303154,"2"
3.44862917528444,1.22941979189851,"2"
2.70312464574858,2.33426400383807,"2"
2.64661572998008,1.13194641262067,"2"
3.51692577965247,3.91542191216557,"2"
3.11957175898291,3.12052689988125,"2"
2.76833774102494,1.59564831991567,"2"
2.45303741423793,2.62503164196275,"2"
2.49982270066889,3.09994898000159,"2"
3.24156681710819,1.54745840504724,"2"
3.36971578374797,0.224763747261867,"2"
3.08074625358471,0.72102130897824,"2"
2.92291574103141,2.69438315486192,"2"
4.24956776679089,3.47497552288933,"2"
2.61521137292847,3.33142718756653,"2"
3.34368978122256,2.08465183168147,"2"
1.93118084174892,1.18958445165426,"2"
2.30075188973063,2.21052009221969,"2"
2.72824334174572,1.86045192952596,"2"
3.30781583597872,-0.0533652998402179,"2"
3.16538459923604,3.15283682871841,"2"
3.41678169410404,1.8308208033472,"2"
3.17421812314002,1.93401784072554,"2"
2.72095298522787,1.70346358964748,"2"
3.32507593521612,3.70890747710373,"2"
3.20201485840464,0.522469615737115,"2"
3.31204964827209,1.04480571282874,"2"
3.44064561538467,1.30089416997881,"2"
3.40236018886074,2.19287519540208,"2"
2.65322802223528,1.84778763279674,"2"
3.25509375931006,0.100216220864905,"2"
2.72795145068411,2.7601872618865,"2"
3.36302124282825,1.75167712670701,"2"
3.24256683509575,2.27061762914143,"2"
3.18374329623733,2.63532256657082,"2"
2.89714662338774,2.60530671077934,"2"
2.95270980847682,0.237250262704119,"2"
2.94872354870998,3.33405746183844,"2"
1.92233997911147,2.07730795535026,"2"
2.891959406946,3.00505198856637,"2"
3.29817841757975,2.25683956742237,"2"
2.96043677303035,3.45045702151481,"2"
2.8887408421408,0.877997906481336,"2"
3.19187806369228,2.4074909607818,"2"
3.78895536795478,2.38168169503111,"2"
3.41011880305582,1.49502108730535,"2"
2.73251673707575,1.40435657890494,"2"
2.73613291207861,1.74448119317303,"2"
3.06454468884941,0.954642439379926,"2"
3.39793597928743,2.0079724245221,"2"
3.44266435643204,2.79159529426335,"2"
2.53762032676724,-0.129464342804112,"2"
3.29515197393174,2.17676860585633,"2"
2.47067734810982,1.03901717672397,"2"
3.38854448274834,1.27419784227009,"2"
3.12380818197975,1.30072806606038,"2"
2.30110554723087,1.13921196179161,"2"
3.63276718551466,3.98332402549498,"2"
3.24224126942306,0.909335295823495,"2"
2.63785072327083,0.370769790187887,"2"
2.98642415872678,2.19937772863537,"2"
2.43598546209327,1.8321549715551,"2"
2.92506721788913,1.80969074745571,"2"
2.41852464151306,0.86532599595206,"2"
2.15674172015271,0.914566515169761,"2"
2.78801073943617,0.674246614481925,"2"
3.58169081961491,2.1824661668627,"2"
3.22503344617388,2.57227936996122,"2"
2.99526555548374,1.97422330055609,"2"
3.12792697559666,1.8819116694372,"2"
3.85731942049417,1.42898677809507,"2"
2.80917184104634,2.38453242644157,"2"
2.89830832253286,2.10893011272348,"2"
2.96265099910729,1.3033591819838,"2"
3.47389077242926,1.64784363234986,"2"
3.40600567062349,1.3544612369021,"2"
2.17700674625538,2.11267913897334,"2"
2.36376130329038,2.57150675645348,"2"
2.72775921555571,2.09978227088294,"2"
2.59022123753217,0.33182008263465,"2"
3.82787738668003,1.90299831666362,"2"
3.26473892803293,0.85939413833257,"2"
2.88201675088459,2.79305080608947,"2"
2.88439808738594,1.79892346315736,"2"
2.70725429601453,1.08875412903147,"2"
3.19877949878831,2.48696407861542,"2"
3.0801984706832,1.30437645159638,"2"
2.43655286869422,2.2152201026513,"2"
2.7754941675745,2.37387471986943,"2"
3.09732209201186,3.44903877881131,"2"
3.75159367000424,1.48997682251439,"2"
2.68062733663638,2.89195078696055,"2"
2.94337535289673,1.81771599454867,"2"
3.14347049253847,0.916041133254058,"2"
2.93091978797132,3.66101704212193,"2"
2.52076712236991,1.01806967407447,"2"
3.43115444052784,2.82854443551589,"2"
2.03056659918667,2.32463629847879,"2"
4.34337898173531,3.461356692336,"2"
3.03252840144667,3.87149846404963,"2"
2.47993321377299,0.41251078065959,"2"
3.45520262035344,1.58647301751989,"2"
2.96927530739443,2.84701289478455,"2"
4.18981344074642,1.16427320582351,"2"
3.08906083762708,1.10408065175487,"2"
2.53193524191889,0.00282065290327038,"2"
3.19377465396475,2.08656177397521,"2"
3.36006575179837,1.42076778856485,"2"
3.45529412997456,1.65103187722449,"2"
2.59635451831982,1.31493820121098,"2"
3.48555448697874,2.88662946175592,"2"
2.76693553304766,0.0446023966031006,"2"
2.58448107130844,3.52966814768906,"2"
3.41826739699277,0.150806042142775,"2"
2.57121111777938,1.06224526593368,"2"
2.66116742158778,2.1124752307306,"2"
3.67830631071131,3.10681553230557,"2"
2.82936089204189,2.07545177696655,"2"
3.64834062636252,0.641421647222322,"2"
2.70868639486394,0.856882522603308,"2"
2.72040368574119,2.42464886063218,"2"
3.41906482615734,2.38849994928751,"2"
4.48395863426521,1.9658302587766,"2"
3.53550234597592,2.60422456399468,"2"
2.92207014683915,1.26337808542576,"2"
2.15893581693841,2.71198864602722,"2"
3.6129732927089,2.37029716795574,"2"
3.22077031443325,3.20791611110449,"2"
3.15020486880471,1.4474449449187,"2"
1.75818063847958,2.12936355614905,"2"
2.75966702481375,2.56275678256749,"2"
3.11913887281983,1.46101019618458,"2"
3.72469469804069,1.0199364071752,"2"
2.77701710630237,1.60982699422546,"2"
2.54664091380486,1.25166620450018,"2"
3.52236063023757,2.65888337728132,"2"
3.85918426593272,2.6439526358605,"2"
3.84279341609811,1.77309806546393,"2"
3.59994352365748,1.0391639644555,"2"
2.50649888837125,2.52909198942716,"2"
2.9715961644945,2.67713866304569,"2"
3.000088088788,1.88473989390027,"2"
2.35675251756514,2.16254865247044,"2"
2.34998084490825,2.3795165133216,"2"
2.14986559443533,3.4622706395912,"2"
3.10244218919617,-0.244343670417027,"2"
2.76058640596874,2.88038779832204,"2"
3.33927674681955,1.77337529992096,"2"
3.66104290120342,3.31703920611897,"2"
2.1155064260479,2.97941887426537,"2"
3.01789635549421,1.63857734350111,"2"
2.20935059113514,1.41786321672372,"2"
2.10218687775613,-0.26855139054277,"2"
3.13358083734868,1.75095742261035,"2"
2.49384479336655,2.29107269549228,"2"
2.62062827196115,4.2765503749007,"2"
2.60068806979531,3.3172653960078,"2"
3.11950909184526,0.532241648646507,"2"
2.79797992518388,3.62403136640229,"2"
2.88335428777153,3.28419467365865,"2"
3.41954660137288,2.74552684721765,"2"
3.55113369270365,3.30205195691056,"2"
3.2144600428467,1.83643958357845,"2"
2.94690583105822,2.41172730764478,"2"
2.88410414258582,1.59515747816091,"2"
3.0283380173372,3.06560562767076,"2"
3.23021036083191,2.02898752423207,"2"
3.79159335427546,1.30990147442894,"2"
2.55029820563953,3.57236669124454,"2"
2.85032732916268,0.670226281527466,"2"
3.06090756985372,1.1530009284271,"2"
3.08560367462864,1.6954420581865,"2"
2.64225604704191,-1.415969376664,"2"
2.48979980732585,2.36064853509107,"2"
1.96429583971849,2.9108089321766,"2"
3.34843972267721,1.93791079231239,"2"
3.2633484340777,3.82059659023641,"2"
3.90066279839374,1.78373655468527,"2"
2.0856668610424,1.02624167941553,"2"
3.42585648488311,2.6533453579648,"2"
2.81884097612979,1.45374378709053,"2"
2.79959668318613,3.16292392522566,"2"
2.17609755138481,2.90001883635467,"2"
3.48704153565179,1.77179390026642,"2"
2.73755471831103,0.506509321654085,"2"
3.67917464508898,1.61055302533811,"2"
2.89462869487286,1.25606220571666,"2"
2.51060585113108,2.87876930856896,"2"
2.81385731720554,2.29581383798036,"2"
3.79630717831301,1.32974748101267,"2"
3.08453063127965,1.82082930963522,"2"
4.00819285406465,0.920886205085541,"2"
2.79164458124959,2.3364442653965,"2"
3.11481428380227,2.00205436968099,"2"
3.3013638505338,2.56958252158407,"2"
2.83814189523932,0.874355822804433,"2"
3.317494888592,1.57835805457313,"2"
2.97050895467291,2.8946190865921,"2"
2.28295703044107,0.758237128998339,"2"
2.61800626467277,1.57412012541326,"2"
3.06223976368532,2.5416031284992,"2"
3.42894524126919,1.94215523826879,"2"
2.96339977096056,3.07585656472073,"2"
3.70391385749388,3.47500890518741,"2"
2.42756226782526,2.5438783485174,"2"
2.88425718649541,1.94517663190614,"2"
2.65499365093186,1.23702367296307,"2"
3.43168942665998,1.25664626491185,"2"
3.69511367729494,1.30645617028137,"2"
3.08766695536805,2.01645264042624,"2"
3.14198113494707,3.37410483022544,"2"
3.39171298614182,0.576696436762132,"2"
2.70717753634059,1.46812026177612,"2"
2.26383683965251,0.225308085646999,"2"
3.18200510490587,-0.473894848746187,"2"
3.1249208938839,1.97755284142797,"2"
4.42391846892389,2.75755687901471,"2"
2.61030418502262,1.46280527037511,"2"
3.86599235372548,0.829853263186955,"2"
3.56660005697486,1.5509970892487,"2"
3.23208558782489,1.30204384589782,"2"
3.29494204976734,0.859239678289341,"2"
2.77617176774699,3.32051452888042,"2"
2.73347707920273,0.708733771057095,"2"
3.396363141912,1.65815738308902,"2"
3.37778463963511,2.49948000053357,"2"
3.49092240556977,1.99818564563029,"2"
3.64389894383569,2.51991437934744,"2"
2.91219043036775,0.856142617852791,"2"
2.53211551238006,1.1298336195641,"2"
3.42432432921619,0.619401666806765,"2"
2.40023731769395,1.81248362937395,"2"
2.67968180299855,1.69076891685147,"2"
2.45815448706299,2.84730816877505,"2"
4.168470257752,3.16429548549631,"2"
2.61110602966335,0.850903091035506,"2"
2.84304798542607,1.89673806200645,"2"
2.9483542930924,0.973379288272145,"2"
2.55966714251796,2.81640991591601,"2"
1.90803373086595,0.784886215946414,"2"
2.3381087338204,2.33664937075387,"2"
4.20147296494775,0.144610896099358,"2"
3.27385774400536,1.97662236930177,"2"
2.78948747394224,2.04017713917911,"2"
3.27301562518152,3.61394893540783,"2"
3.72803407583706,1.36613060467626,"2"
2.72298421132717,3.73460252809634,"2"
3.81552182626698,2.36884615354838,"2"
2.81246553862644,1.16854114176194,"2"
2.99970883370322,2.15442599337082,"2"
3.15689126229073,2.91873366377122,"2"
2.68829679891153,0.991123762938711,"2"
2.82702464393238,1.8875704012934,"2"
2.91101048744493,2.04910730632805,"2"
3.49812593857036,2.15534094966962,"2"
2.81002384652038,2.03871864696328,"2"
2.54334553294975,2.85232150869534,"2"
2.81917709875783,2.21048646744867,"2"
3.44461257291676,0.651925470684505,"2"
2.96066484977059,2.23696921047518,"2"
2.57971599909279,1.70840199596514,"2"
3.04031710605003,3.55884687482282,"2"
2.94934493216256,2.89460238803182,"2"
2.12690631731656,2.88478097135782,"2"
3.30527707229632,1.27896883361196,"2"
2.44407967820898,1.16788830157005,"2"
2.08880670085643,1.89284363520311,"2"
3.10562353949416,3.76113868403251,"2"
2.79283181894569,-0.670875172462627,"2"
3.03816294275548,0.326745079233767,"2"
2.95097877887607,0.421361491515086,"2"
2.81558063191929,1.39975475823744,"2"
2.07198849437181,2.51154420749075,"2"
3.33091847616869,1.78223220559508,"2"
2.76796500349103,1.99620974756374,"2"
3.25861320531208,2.62341163332078,"2"
3.11711907377566,2.33389659129325,"2"
3.56780654703147,3.3962235268461,"2"
2.82896238808113,3.22634017791626,"2"
2.92356545392191,3.14416631966878,"2"
3.98118108569038,0.959118546075403,"2"
3.34437066970103,2.08617271222282,"2"
2.78300726400672,-0.335521613325105,"2"
2.62584703498372,0.726535651200505,"2"
2.75524920805453,3.86056748891101,"2"
3.46920232622029,1.05643408370913,"2"
2.62002675290812,3.59943026267212,"2"
3.14387908421488,2.91855619479077,"2"
3.00580093667083,1.49141186780576,"2"
2.50373588308431,1.67925717259196,"2"
2.39504501586985,2.34351457184177,"2"
2.9272090662946,2.86245586149584,"2"
2.58393926228741,0.593727868522321,"2"
3.249129368205,3.58214393674118,"2"
2.90713542594718,1.01895901391446,"2"
2.64255262183283,2.64182536281321,"2"
2.59456496605631,3.69800465822385,"2"
2.39739764386616,2.02702858465311,"2"
2.97341805039388,-0.877959413971155,"2"
3.1195387577656,2.77185777943567,"2"
3.8056484411779,3.04665774791681,"2"
2.99959519092113,2.26545474417336,"2"
3.03981980903612,1.89533702811207,"2"
3.70896859240741,1.0892547170169,"2"
2.50458366454312,1.59142831922964,"2"
2.96119775841335,2.55529395776482,"2"
3.07779068342293,1.28785688431963,"2"
2.53448791348082,3.10405451818679,"2"
2.5600084189047,0.594157169838772,"2"
3.1493303436712,2.60973173185732,"2"
3.42783169077844,2.90661010341219,"2"
3.55067723606007,1.33700994681869,"2"
3.39394301672424,1.48042621737888,"2"
2.83309474378119,2.91638121488667,"2"
3.37642333710923,2.68675308904366,"2"
3.12156131530631,3.62325467857077,"2"
3.30736399625885,2.16271160405521,"2"
2.96104181155916,1.94247874401338,"2"
2.87747158118331,3.34526138724441,"2"
2.94727180592476,2.44096802472134,"2"
2.55593586617147,0.167035959393875,"2"
2.37722987275856,2.4106531289442,"2"
2.3561271686096,2.50120603304847,"2"
3.63711034403486,0.882269643550496,"2"
2.28159196187584,1.23798764700653,"2"
2.98969357580796,0.0646087606227546,"2"
3.26938607575534,1.54075808536457,"2"
2.39127183739622,3.66084219026027,"2"
2.94048393209318,2.58849015638594,"2"
2.80498336287865,2.40412244804936,"2"
3.09587045743964,1.51617074595173,"2"
2.82390860564865,1.86077431433278,"2"
3.8828613344571,1.15834739664719,"2"
2.35492377168878,3.39306549879831,"2"
2.07169279861908,2.90771089349934,"2"
3.35421535349752,2.14673426063376,"2"
2.94817398987193,0.698960117226444,"2"
2.74379033304389,1.1445871926846,"2"
3.11415067825667,0.338616540936342,"2"
3.28442883426588,2.00371715805206,"2"
3.08056205211525,2.99479490804038,"2"
2.40151766500483,2.21716616743344,"2"
3.03228634808648,1.82472635578245,"2"
3.05660337382213,3.92616425521877,"2"
2.78871597294134,0.289546548288975,"2"
3.32919679137301,2.11624523184353,"2"
3.25061797133833,0.170602019591601,"2"
3.1758351553034,1.89493518585299,"2"
3.23780105158019,1.9692219337157,"2"
3.24149006027655,0.778195239927335,"2"
3.9650396794198,3.99877752399949,"2"
3.07144869362371,1.05181418035944,"2"
2.51037543156078,2.45511453788891,"2"
2.7736015844304,1.44587829572772,"2"
3.5170143144828,0.899628049556377,"2"
3.47431917920908,2.99060873877348,"2"
2.41823153622619,0.892724176776124,"2"
2.49884497828688,1.26331004905144,"2"
2.87515470962381,3.56333627963146,"2"
2.66591016357023,2.12004725400271,"2"
2.88743454145618,2.02083783184023,"2"
3.48149621248472,1.60047283408,"2"
3.45897257101596,1.99113878331085,"2"
2.51207510618847,4.76054559232049,"2"
3.13943288056381,0.729655510030526,"2"
2.30998261115855,2.70367031035368,"2"
3.07053474633747,1.23765554261168,"2"
3.4290694579649,1.41896878026432,"2"
2.24479456555761,1.4118000486088,"2"
2.87921629349253,3.29436948031335,"2"
2.77935532987887,1.81589127930563,"2"
3.16882333923434,1.22741809458442,"2"
2.97406450910379,3.36640911701947,"2"
2.66802669225331,1.88160832810696,"2"
3.2240873730348,1.97301867043205,"2"
4.17909140729276,-0.0341686263923275,"2"
3.16446719164461,2.44313381710541,"2"
2.84566911618423,3.11133076065758,"2"
2.70296998238315,0.832309223604297,"2"
3.41008113163232,2.18837891974603,"2"
3.34153506700559,2.16674088554551,"2"
3.27632883680668,-0.214589846434084,"2"
3.29204561409129,3.33570728275155,"2"
3.37006848432914,3.44701702097172,"2"
3.29249047999738,1.00937724973044,"2"
3.08255658244471,4.17696236812248,"2"
3.62291658199158,1.82619039075185,"2"
3.10500712267857,2.84461214330019,"2"
2.83227024086912,3.17345838577466,"2"
3.03971218474687,3.37880796592032,"2"
2.90603037791011,2.61453603588459,"2"
2.76932028254431,1.6211081127527,"2"
3.20834003066324,1.65196191769326,"2"
3.69963902736939,2.33777720669417,"2"
3.73074063923597,3.33981460480311,"2"
3.42486731523742,1.89193781966245,"2"
2.06683080705383,1.90807317925787,"2"
3.4123553024319,0.601140023511698,"2"
3.68211754514508,1.67515661203774,"2"
2.66289693563337,-1.27492631335451,"2"
2.77141605932835,3.35798719500672,"2"
2.78487141081253,3.7317857069251,"2"
3.18044542220822,2.63139722016195,"2"
3.58095208807125,2.67269374481522,"2"
2.76880209275615,0.423403002139463,"2"
3.75267417390274,3.13668361184339,"2"
2.68863285140488,2.49665853588263,"2"
3.92026588868405,1.41726635495532,"2"
2.59896523598085,1.28916597800123,"2"
2.68656742956384,1.86247858293,"2"
3.53436034272756,1.36085386235575,"2"
3.1331096755308,1.68618697060947,"2"
2.8797695367802,2.60288046859625,"2"
3.137588039605,3.56137203085798,"2"
3.03423781122777,3.2432723695015,"2"
3.4349233527581,4.87533005516476,"2"
2.94045008771506,4.36484240873157,"2"
3.00513247819289,2.20348810656153,"2"
2.61064990606852,2.57251881979406,"2"
2.12790642608926,1.31699166256452,"2"
3.22268587533293,2.28623828789593,"2"
3.25805262975656,2.12932131482919,"2"
2.81012410756355,2.15335535080577,"2"
2.8648707140989,1.62958504093025,"2"
2.89130578240315,2.44199587789101,"2"
3.72070975858395,4.14697444682179,"2"
3.71525412883794,2.92226425306297,"2"
2.49939551490167,-0.0332145974912459,"2"
3.10018254744715,0.444588867768468,"2"
3.24632570629047,3.52606915439262,"2"
2.61296613361243,1.02261217810765,"2"
2.69097647256452,2.32012774550422,"2"
3.08547090080511,3.12837846014791,"2"
2.48494799263913,3.04837514171112,"2"
2.60356245963392,1.68673639461122,"2"
2.68293529405627,2.31392054424524,"2"
3.04173071867206,2.23600632793967,"2"
3.49720470232527,2.91305304496243,"2"
3.1206876202688,1.59942013220459,"2"
3.28852113100373,2.286365737639,"2"
3.02593713251779,1.97302202816503,"2"
3.33233813994132,2.09259351290259,"2"
3.21141384509343,0.511444869323635,"2"
2.29640959014444,1.75342278690136,"2"
2.48726540157859,0.757469697301594,"2"
2.65092824864411,0.817000536282833,"2"
3.07559300699067,1.2189760415114,"2"
3.35472133095938,1.28984388127732,"2"
3.03243325879026,3.9448439114254,"2"
2.7026519972043,1.88344032014943,"2"
2.31341445626053,1.91227635892941,"2"
3.11956681496889,2.53094722602118,"2"
2.4245862599506,3.43185096347742,"2"
3.54099274105654,1.2996379182482,"2"
3.39907224935287,3.9442096208713,"2"
2.64415882078841,2.12847745531136,"2"
2.8293676257239,3.63175786227174,"2"
2.39515541074701,1.73163484595163,"2"
2.71626733992574,2.19100058095229,"2"
2.44149149514258,0.967731254036623,"2"
2.73151468239892,0.570495519702457,"2"
3.18115398090394,2.00219769725086,"2"
2.77896694668332,2.317761750559,"2"
3.29789643815472,2.73922298761125,"2"
3.19002069550523,1.82889317596058,"2"
3.28087587308171,0.984105719232106,"2"
2.3280478205081,3.16630627478051,"2"
2.90228936448813,1.1637604225053,"2"
3.22091629609234,0.869666267790929,"2"
3.80380810117776,3.18525811016258,"2"
2.81474572977017,2.40194163929458,"2"
2.55211543804236,2.71698088761457,"2"
3.36220449269791,1.88247932206861,"2"
3.69185494963445,3.18800663269312,"2"
2.53237304270978,1.58156158675589,"2"
3.12192693436719,1.98715659403073,"2"
2.68713841520704,0.966923108243448,"2"
2.45784947594327,3.23052463422332,"2"
2.67249850671372,-0.610291349087042,"2"
2.48591615123053,0.812943317856774,"2"
3.53233785838685,2.82249190252953,"2"
2.55757703802585,1.44686374809109,"2"
2.59739163160792,4.10236471444494,"2"
3.38706129452524,3.32121905838152,"2"
3.69008359035476,2.68583735409087,"2"
3.70432747523722,2.92251151549585,"2"
2.97826041333924,2.45473244638567,"2"
3.15562338222431,0.690357499836161,"2"
2.21243447268606,1.02982632198029,"2"
2.9240237634366,0.652017676506509,"2"
3.08651910106111,1.55377505388433,"2"
3.40060524386694,-1.11265932216794,"2"
2.05497566045733,1.31455371849463,"2"
2.89783316619009,0.621992250521231,"2"
3.15242746350721,2.25251058459805,"2"
2.9298454680284,2.7779219653031,"2"
2.93407227825156,-0.363004643118787,"2"
3.06052625491599,2.17599193890461,"2"
2.85272121738437,2.12643047380732,"2"
3.14688248206131,2.04330902082264,"2"
2.02340975754247,-0.489478944439685,"2"
2.35010049928797,3.49734546550015,"2"
3.67280648052511,3.31323128614476,"2"
3.38470706559373,2.64187743851763,"2"
3.02930046462374,4.05677018712341,"2"
3.59607334025357,1.22748317405087,"2"
3.42424197994421,3.24061032117815,"2"
2.6141193661468,0.574537043054556,"2"
2.63574334856228,0.439451351903537,"2"
2.61543372294451,3.75069323627085,"2"
4.16762779589055,0.546781298437153,"2"
2.95190263565702,1.1648005277288,"2"
2.91103233406655,2.50948895101579,"2"
3.25120471544923,2.99405557624008,"2"
2.57444244909514,1.86959151737238,"2"
2.82427676084968,2.77278974620585,"2"
3.59928699617992,2.90451456562938,"2"
2.39350770908273,2.41446649448774,"2"
3.85526920522388,1.60805363908932,"2"
2.21555896817854,1.11340326831639,"2"
3.02846982662678,0.603747032471755,"2"
3.65020071111972,3.02455017313495,"2"
2.69686639956967,2.40539384592827,"2"
2.81325970940589,1.28798565657067,"2"
3.83707205176689,4.03484278229076,"2"
3.46927917956042,1.56715408202963,"2"
3.00759934960109,2.37090780097644,"2"
3.4078264633869,3.39677644166291,"2"
3.48318311815439,2.27431685360224,"2"
3.45235906012949,1.15720094260383,"2"
2.59988517190653,2.4549212534428,"2"
2.57205234859861,0.784560779624176,"2"
2.91162846044702,1.04979430218442,"2"
3.08670906851676,1.46625346180956,"2"
3.78763967046234,2.83517139605632,"2"
2.41757272651672,2.09217647412833,"2"
3.1865916192756,2.01523012692849,"2"
2.23136723561988,1.81383644318123,"2"
2.84890595780259,2.29469005544581,"2"
3.48770503338907,0.309645873439025,"2"
2.44085363958781,2.44981135135544,"2"
2.180107187504,1.66747985492184,"2"
2.95948976354608,1.80549729423357,"2"
2.9177688675011,1.90664534479045,"2"
2.11736197436539,2.21661154416986,"2"
3.5571006621501,1.89914519872139,"2"
2.67716146573594,2.73330237646305,"2"
3.25570722961335,2.28540113917425,"2"
2.90454348293466,1.57856589390752,"2"
2.79118830491864,2.95547238140297,"2"
3.70900907736602,1.14386125185623,"2"
2.72934993149211,1.38695638046265,"2"
3.42218248916705,1.17625231379743,"2"
3.79718836790686,1.00144679572883,"2"
3.22553137084063,2.57203864144399,"2"
3.39456581919637,3.01285501508153,"2"
2.86087418717055,0.748734203492466,"2"
3.90223288924523,2.80980694353182,"2"
2.82177532059914,4.64067335843614,"2"
3.0632848909242,1.68893187647609,"2"
3.05962996360135,1.12935096794248,"2"
3.4518466539173,2.99329419923087,"2"
2.07698731668286,5.69014550619132,"2"
3.18106487837958,1.89300994178963,"2"
2.68799978018997,3.32311338041723,"2"
2.79689030452529,3.23812313320261,"2"
3.23488954316865,0.272507179638018,"2"
3.24552769051856,3.28406084121288,"2"
3.13725751657475,1.21924048417937,"2"
3.17702389536085,1.94251735756258,"2"
3.33912247327142,0.287324988938108,"2"
2.80069197129038,1.61746771907486,"2"
3.25670588239122,1.14165361522667,"2"
2.71855913765059,2.66673018097924,"2"
3.28613556052101,2.91524929714753,"2"
3.05862682323095,4.5065987090776,"2"
3.4693557650485,2.33546082857372,"2"
2.9229611169469,3.20562930030261,"2"
3.57926677561845,1.0344945549411,"2"
2.77615382785749,2.60859765030639,"2"
2.56414335101763,0.39898077145007,"2"
2.61110572160531,2.04768701842638,"2"
3.15943641783823,2.92216084405998,"2"
2.81088336579619,-1.53413469278578,"2"
3.2311276312443,1.8232585078513,"2"
2.20137823478991,2.19336873071128,"2"
2.79169580705509,2.05910804817356,"2"
2.60851302908814,2.1184225560118,"2"
2.87739555821335,2.64546386215927,"2"
3.32442324616996,1.85612832500195,"2"
2.6262112694638,1.68203122011098,"2"
2.65633242154334,1.25138258204655,"2"
3.24733851632455,1.31397227181032,"2"
2.66979717596121,1.78319585588098,"2"
4.17277456970789,2.29285409613442,"2"
2.22520878061061,2.59225698108915,"2"
3.1981315368672,1.58648355059859,"2"
2.36258807202767,3.15438897836844,"2"
2.79575895028775,1.62341658861811,"2"
3.42558947800512,1.82118542285627,"2"
3.29624810058702,1.85470204574554,"2"
4.0376379895407,2.44266575896657,"2"
3.20679920745503,3.15233457713028,"2"
3.25060613428395,2.00500000057964,"2"
3.88670300526696,1.62877162972839,"2"
3.75033183210432,1.75060027852374,"2"
2.68792795591246,0.962033878670008,"2"
2.68185252451094,1.33360338256841,"2"
3.43874269197078,1.96123645035757,"2"
2.66153143808438,1.31966245611385,"2"
2.59649653736186,3.72286722244986,"2"
2.43478773952493,1.95119310077902,"2"
2.59898398348641,1.25316981499545,"2"
2.5638476110893,3.595592974756,"2"
2.33896636751128,0.888575572109375,"2"
2.82621529184593,0.0283257584973577,"2"
1.69649569210283,3.3715392791136,"2"
3.69980352582696,1.33222884478868,"2"
2.53860306963455,2.09319472306891,"2"
3.37591281361361,0.662378463931842,"2"
2.43217216084309,2.23004208755501,"2"
2.60017273760834,1.59955834635696,"2"
3.3012729666067,1.7757063536885,"2"
2.27019342222714,1.50619612296234,"2"
2.73584581521602,0.834428770353957,"2"
2.60563546248624,1.27634099101256,"2"
3.45425665196521,2.19802090912474,"2"
2.96419271743597,1.45499984077026,"2"
3.97941445639846,3.29495175033407,"2"
3.20790319602426,0.556447251073171,"2"
3.61410574854145,0.91933121099248,"2"
3.77499319886376,2.41390462265036,"2"
3.35332209417508,1.2449552939066,"2"
4.39482780470113,1.17604792131306,"2"
3.43829260232609,3.7146595785058,"2"
3.44760031573179,3.93613081989351,"2"
2.99821224241918,-0.730402706779409,"2"
2.76844572246854,1.647952484495,"2"
3.58146342829433,1.10773343274366,"2"
3.52741740993692,0.901311928344891,"2"
2.19330564041617,0.97068705300244,"2"
3.41125732199175,1.75470562897159,"2"
2.94863568880993,1.61485821726032,"2"
4.0477135785929,2.91246297055968,"2"
3.4378923022432,-0.560001328269496,"2"
3.00857069698125,4.49890594850783,"2"
3.16937924486869,1.49990128274794,"2"
3.42127285401446,2.03147110807064,"2"
2.77953151697219,0.657789903628231,"2"
3.326245810432,2.39527701690683,"2"
3.98144997463093,2.29551219680855,"2"
3.60130630026596,2.44188596729729,"2"
3.37389700939307,4.02233103571418,"2"
3.04596873172921,1.82399688087197,"2"
3.54238610270877,1.21862033997971,"2"
3.17546201391915,2.91222211826309,"2"
1.96397478613925,2.21090467396419,"2"
3.20546013812627,3.11933042983532,"2"
3.34328513668259,2.00236782816501,"2"
3.54825062262957,2.10497368592954,"2"
2.81236815057767,3.1425925871165,"2"
2.81529600096676,2.30167323041638,"2"
3.41772844631858,1.65030118299969,"2"
3.2741409607517,3.67290414756516,"2"
3.20594463542169,2.29616353348943,"2"
2.38462468170637,2.91908236734001,"2"
2.20723456803227,3.26350839966123,"2"
2.92548160399059,0.211566577540599,"2"
2.30941371140518,3.53539460282824,"2"
3.02805955473547,2.82223854296941,"2"
3.0801773328692,4.0036198274356,"2"
3.03824966167164,0.882891930138041,"2"
2.97602498510151,0.682566749591369,"2"
2.72212736828926,1.11017607072753,"2"
3.50829862454002,2.22029363652588,"2"
3.62563467265752,1.47473371239036,"2"
2.7717311412216,1.41690384499476,"2"
2.4748829437742,2.44012967158244,"2"
3.01792027907177,2.06094117708434,"2"
2.84726739139338,2.41642794831099,"2"
2.8650422852917,0.437007282874085,"2"
3.1060700252548,2.67152316810991,"2"
2.79374659007147,2.43136977995219,"2"
2.56839942129207,2.46301092251533,"2"
3.37662579022496,0.899994628370638,"2"
2.83872906699444,3.17568151680122,"2"
3.78020590123793,2.10843813379841,"2"
2.78741522914412,1.11323990827763,"2"
1.90144675497258,3.41809340336041,"2"
3.15177189701327,2.16449752161502,"2"
3.85081973666936,1.94515486390271,"2"
3.12493184420625,3.39535564655993,"2"
2.41557030097413,1.53830539389012,"2"
3.53163539534044,1.6246490652683,"2"
2.60481411906895,2.32313178971703,"2"
2.17019221397727,1.61791329793822,"2"
2.94403577603167,0.760707975358238,"2"
2.43068988447258,1.54249686751985,"2"
3.17675708226267,4.22813113079655,"2"
3.20781369962976,1.62882351939799,"2"
2.96493627595631,2.7910261036979,"2"
2.67776352317114,4.18175470156666,"2"
2.91302605433188,1.97039895816687,"2"
2.94452321497131,2.5992785093722,"2"
3.5011738289322,1.14808236268443,"2"
2.98036210477511,2.3947508109642,"2"
3.76119986542433,0.146325473193021,"2"
2.54012644303262,1.64854652821015,"2"
3.06780744829753,1.38887149611148,"2"
3.48071908953596,1.42853592278279,"2"
3.58997506543509,2.58505354648749,"2"
2.91107643051096,2.35451525508427,"2"
3.24118103893049,0.75753204462416,"2"
3.53394002343274,1.49339515456791,"2"
3.78329658649427,2.18642919419694,"2"
2.76513463991034,3.48490246962465,"2"
3.16005458067364,2.03603933332561,"2"
3.08081596358393,3.66006444823966,"2"
3.19573777461247,1.52361645795428,"2"
3.56299915811823,1.80657994828578,"2"
2.87065068431686,1.0538414447742,"2"
2.35530615618687,3.19452894143511,"2"
1.82883678443499,3.21106333262608,"2"
2.89620799285384,3.2644604630124,"2"
4.09581043315827,2.28915037946386,"2"
3.53064453880458,2.19176701057611,"2"
2.50410248267107,4.7070953714509,"2"
2.61556688783305,2.0754065972313,"2"
2.95466779113064,0.496303187275249,"2"
2.8433521239467,1.44794868886202,"2"
3.04721070088434,3.01359776890702,"2"
3.34003827231305,3.30022321111115,"2"
2.75384422516477,2.35407588382233,"2"
3.51141379252953,3.14738822531465,"2"
3.46024641129653,2.87638699849856,"2"
3.00921427337847,-0.646529039746035,"2"
2.97386880263883,1.55655999656997,"2"
3.12473959084783,1.8850875923295,"2"
2.74725225352207,2.23400330560258,"2"
3.43783527527291,1.80575007398121,"2"
3.7215952113291,1.39171776090805,"2"
3.43914481731259,2.74468162138858,"2"
3.32795277185412,2.57397340407887,"2"
3.50548713705901,0.997293958039884,"2"
2.60107588998958,2.61971078948059,"2"
3.03887156095022,1.78443314530407,"2"
2.034234936983,1.66855066597852,"2"
3.46819160255394,1.7340423763685,"2"
2.65892557262805,3.3053132170964,"2"
2.53252536154743,2.61801875400752,"2"
3.50159011781903,1.65328762314617,"2"
3.67733014306641,1.46244986547624,"2"
2.8477125228741,2.80807229463726,"2"
2.92139970446359,3.03733515953149,"2"
2.45451619037696,0.771473983338294,"2"
3.01458761167748,1.92624846562315,"2"
3.46064124930833,0.791390564546139,"2"
2.63046718726692,0.859161813371732,"2"
3.3922867434792,1.29521648623864,"2"
3.85621450330405,3.76797249711642,"2"
3.09940585808728,3.29661255771215,"2"
2.81011087053155,2.36882977003428,"2"
3.11944798474194,3.58407382957925,"2"
2.49551670863708,1.85880181823092,"2"
3.07637568437003,1.68482850813176,"2"
3.00357497713627,1.98088139217702,"2"
3.0530329681314,2.2747057673476,"2"
2.73351807440508,2.37334832144047,"2"
2.68224023640947,1.33718803012354,"2"
2.17033209844559,1.56271745275799,"2"
2.3468533651799,3.09222411182523,"2"
3.14581209432858,1.80900791678469,"2"
3.16753157915687,1.43862083528527,"2"
2.82596611393146,3.41583129305855,"2"
3.08677600684442,3.28849629746355,"2"
2.14662253251469,0.980890269162895,"2"
4.36573782341179,3.75069017828898,"2"
3.47956058423798,-0.461005636666708,"2"
2.9980725418424,1.82892505748186,"2"
3.05485886169414,1.41119483028694,"2"
3.59617944730285,3.20969868930662,"2"
3.81351429711138,1.15646998153718,"2"
3.30285094590663,2.2708815044645,"2"
2.77053518926417,3.21052328657308,"2"
2.64705101758492,3.76625328794644,"2"
3.13714093285929,2.19773181930074,"2"
3.10925752537788,2.67231152763472,"2"
2.88238489589367,2.3203556260462,"2"
3.52229595031708,2.27650205735675,"2"
2.21796838516947,2.03469049420715,"2"
3.75328920094754,2.86896786726572,"2"
3.55809147635487,3.13263406423956,"2"
3.13139773653703,1.97273128210364,"2"
3.09334647520654,1.44366158786134,"2"
3.22414452849543,2.05875872827471,"2"
2.9755583390778,2.21246420343857,"2"
2.72503750587269,1.61078141145579,"2"
2.72311982303146,2.21231857195213,"2"
3.12333664637498,3.60864370721324,"2"
3.56660899720614,1.12283178915184,"2"
2.6834272426666,2.79534673152901,"2"
4.063577568195,2.63973342106736,"2"
2.46924535379443,1.73076073693525,"2"
3.58719662617634,3.43002573785929,"2"
3.63592438714662,2.96302269209181,"2"
3.17945488478545,1.89165804892116,"2"
3.00393770843063,4.03131574102377,"2"
2.08920950499111,1.07595777931681,"2"
2.95454583485843,1.57871507617529,"2"
3.27359618443296,1.56680142870417,"2"
3.94830032160138,2.19586066427436,"2"
3.07929001870796,1.72066789876582,"2"
2.10164123547318,1.37438714881283,"2"
3.48138206954974,2.51931216296055,"2"
1.82276331776589,0.672812157973428,"2"
4.0137583915958,1.5437629076018,"2"
3.31231976963735,2.39688376464014,"2"
3.83769019245169,2.14107715133002,"2"
3.6969535896359,0.969333338144537,"2"
3.01766205588856,2.87084191475422,"2"
4.37961310674212,0.468528161787964,"2"
2.40748360240824,0.901342001229987,"2"
3.2110737390598,1.45566743837757,"2"
2.63583260680046,0.644239817570317,"2"
2.74939320400347,2.03727440601974,"2"
2.79591156951693,1.6283985294609,"2"
3.52942113329844,1.3940501478529,"2"
2.24105616310636,3.04920667494656,"2"
2.81923505808862,3.15803223714923,"2"
3.43039306669266,0.460237423223201,"2"
2.19124542974693,2.06342169628794,"2"
2.02723972178373,2.02177822042195,"2"
3.21395454924815,2.68397990881867,"2"
1.73214756551822,2.74188980183481,"2"
3.36314613268834,0.187435897114422,"2"
2.43540596777955,2.79870839183577,"2"
3.77612952607744,3.17327607072365,"2"
3.02090775132711,3.23105197770526,"2"
3.20891435782861,1.12935636523699,"2"
2.87700101808537,0.581598466904624,"2"
2.75029546758278,2.03530327112167,"2"
2.71814145877431,3.7483619554319,"2"
3.13098701896746,2.33412276462497,"2"
3.18915582637105,2.48364062376432,"2"
3.35919385737958,2.34394757668431,"2"
3.57786146038934,1.92476153769323,"2"
2.9355066838488,0.723318166648776,"2"
2.27641365996825,3.07908743337605,"2"
2.47220021625067,0.464567878324461,"2"
2.74251072638951,2.3737145085779,"2"
2.50307327211518,1.44213640488423,"2"
2.54010219978372,1.32426356316542,"2"
3.09371957397894,3.62181051377505,"2"
3.8977603016022,1.50166997291203,"2"
3.42999084969554,2.33374135788135,"2"
3.03138561274839,3.52194969233343,"2"
2.38505583313776,1.64846442473582,"2"
3.23018446727662,3.00874286817148,"2"
3.03875518242911,0.924025327783515,"2"
2.81051281094203,2.78590245941861,"2"
3.39420470547508,3.1579028672823,"2"
2.40633883953914,1.26463906270977,"2"
3.32339508470362,0.980680286254595,"2"
3.08827551185788,2.36268699592041,"2"
3.05061427352568,2.39268720069142,"2"
2.98496754615614,1.24324382524228,"2"
2.11223808649031,3.03642060400554,"2"
3.11955493438909,1.91426400344321,"2"
3.83155308174534,1.75986321075688,"2"
3.15208483000143,3.7848893944599,"2"
3.09209479920021,2.81985528463647,"2"
2.53400790253725,1.63949162285298,"2"
2.57416059098995,0.987550700607094,"2"
2.33752345683493,2.53536071572602,"2"
3.46785058188665,1.7305498993647,"2"
2.92116114590125,2.90601483314826,"2"
3.14929469490168,1.19787877788128,"2"
2.68748600122156,1.72367101795737,"2"
3.78208741536521,2.14065123466762,"2"
3.25418443098809,2.04570383673717,"2"
3.04624381394275,1.24736922381182,"2"
3.34856494071103,2.72043469686679,"2"
3.6648075615472,1.00651921567968,"2"
2.38808513579404,1.86212113068443,"2"
1.98861057774139,2.13293904383239,"2"
4.08747528652031,3.50850488690746,"2"
2.32944290745935,2.36043678912752,"2"
3.40548198153502,0.39039343090692,"2"
3.50377041523411,0.752195609999708,"2"
2.10025102699046,1.30801127438296,"2"
2.9573358734278,2.02311978227892,"2"
3.61732775576387,2.37146252675546,"2"
2.58584782016942,1.6917154051121,"2"
2.82659342139136,1.03777729644861,"2"
2.58038596551947,0.476937621237888,"2"
3.92870186004391,3.06913088515843,"2"
2.77884000369939,1.58848354468956,"2"
2.42217861883985,2.80724493409309,"2"
2.91518261762599,3.1546349778171,"2"
3.79256536819228,0.548932579938672,"2"
